timestamp,rating,review,ai_response,ai_summary,ai_actions
2025-12-05T17:17:00.299360,4,"""Great service! My issue was solved quickly.""",Demo: (no API key) Thanks for your review!,Demo summary: (no API key),Demo actions: (no API key)
2025-12-05T17:23:05.049289,5,"""Great service! My issue was solved quickly.""",Demo: (no API key) Thanks for your review!,Demo summary: (no API key),Demo actions: (no API key)
2025-12-05T17:49:45.058755,4,"""The app is smooth, but dark mode is missing.""",Demo: (no API key) Thanks for your review!,Demo summary (no API key),Demo actions (no API key)
2025-12-06T07:29:20.492367,5,great service,Demo: (no API key) Thanks for your review!,Demo summary (no API key),Demo actions (no API key)
2025-12-06T09:17:23.698373,4,"The product quality is good, but the delivery took longer than expected. Overall, satisfied with the purchase.","Thank you so much for your kind words! We're glad to hear you're satisfied with the product quality. We apologize for the delivery delay and appreciate your understanding. Your feedback helps us improve, and we hope to serve you even better next time! If you have any questions, feel free to reach out. üòä","Good product quality, but delivery was slower than expected. Overall, satisfied with the purchase.","Based on the review, here are three recommended actions:

1. **Improve Delivery Timelines:** Analyze the shipping and logistics process to identify bottlenecks causing delays. Consider partnering with more reliable carriers or improving inventory management to ensure timely delivery in the future.

2. **Enhance Communication:** Proactively inform customers about expected delivery times and provide updates if there are any delays. This can help manage expectations and improve overall customer satisfaction.

3. **Gather Feedback:** Reach out to customers for feedback specifically about the delivery experience. This can help identify common issues and areas for improvement, ensuring a better overall experience"
2025-12-06T09:18:48.677249,5,Taste was good and i love the way you serve .,"Thank you so much for your wonderful review! We're thrilled to hear that you enjoyed the taste and our service. Your support means the world to us, and we can‚Äôt wait to welcome you back soon! üòä","The food tasted great, and I appreciated the excellent service.","Based on the positive aspects highlighted in the review, here are three recommended actions:

1. **Maintain Quality and Consistency**: Since the reviewer appreciated the taste, ensure that the recipe and preparation methods remain consistent. Regularly train staff on cooking techniques and ingredient sourcing to keep the flavor profile intact.

2. **Enhance Presentation and Service**: Given the compliment on the way food is served, consider evaluating the presentation of dishes across the menu. You might also implement service training to ensure that all staff members deliver a similarly high standard of service, enhancing the overall dining experience.

3. **Gather"
2025-12-06T09:19:47.866499,5,pizza is really good,Thank you so much for your wonderful review! We're thrilled to hear you enjoyed our pizza. Your support means the world to us! üçï‚ù§Ô∏è We can't wait to serve you again soon!,"The pizza is excellent, featuring delicious flavors and fresh ingredients that make for a delightful dining experience. Highly recommended!","Based on the positive review stating ""pizza is really good,"" here are three recommended actions:

1. **Highlight the Pizza on Marketing Materials:** Use customer testimonials to promote the pizza in online ads, social media posts, and menus. Consider creating a ""Customer Favorite"" section that features the praised pizza to attract new customers.

2. **Introduce Special Deals or Promotions:** Create limited-time offers or discounts specifically for the pizza. This could include buy-one-get-one deals, combo meals, or themed pizza nights to encourage more customers to try it.

3. **Encourage Repeat Business and Feedback:** Reach out"
2025-12-06T09:25:05.817676,1,"""The product arrived damaged and customer support was slow to respond. Disappointed.""","Hello! I'm truly sorry to hear about your experience with your order. It‚Äôs disheartening to know that the product arrived damaged and that our response didn‚Äôt meet your expectations. Your feedback is invaluable, and we‚Äôre here to make it right. Please reach out to us directly, and we‚Äôll do everything we can to resolve this for you. Thank you for your understanding!","The product was damaged upon arrival, and customer support was slow, leading to overall disappointment.","Based on the review, here are three recommended actions:

1. **Improve Quality Control**: Implement stricter quality control measures to ensure that products are carefully inspected before shipping to minimize the likelihood of damage during transit. This could include better packaging and handling processes.

2. **Enhance Customer Support**: Train customer support representatives to provide quicker and more efficient responses to inquiries. Consider increasing staffing levels during peak times or implementing a live chat option for immediate assistance, ensuring customers feel valued and heard.

3. **Follow Up with the Customer**: Reach out to the reviewer directly to apologize for their experience"
2025-12-06T09:54:54.033086,3,"""The hotel was clean, and the bed was comfortable, which I appreciated. The location was a little further from the main attractions than I'd like, and the Wi-Fi was spotty in my room. Staff were generally helpful, making it a decent, if not spectacular, stay","Thank you so much for your feedback! We're glad to hear you enjoyed the cleanliness and comfort of your room, as well as our helpful staff. We appreciate your comments about the location and Wi-Fi, and we‚Äôll be sure to address these areas for improvement. We hope to welcome you back for an even better experience in the future! Safe travels!","The hotel was clean and comfortable, but distant from attractions, with spotty Wi-Fi; staff were helpful for a decent stay.","Based on the review, here are three recommended actions for the hotel:

1. **Improve Wi-Fi Access**: Assess the Wi-Fi infrastructure and consider upgrading the network to ensure reliable connectivity throughout the hotel, especially in rooms. Providing better signal strength or range extenders could significantly enhance guest satisfaction.

2. **Enhance Location Information**: Clearly communicate the distance to main attractions and provide guests with transportation options (like shuttle services or partnerships with local ride-sharing services) to make it easier for them to access nearby points of interest. Consider adding maps or guides in guest rooms explaining how to get to popular"
2025-12-06T10:21:40.288105,3,movie is good but songs are not that much good,"Hi there! Thank you for sharing your thoughts with us. We're glad to hear you enjoyed the movie! We appreciate your feedback on the songs and will definitely take it into consideration. If there‚Äôs anything else you‚Äôd like to share, we‚Äôre all ears! Have a great day! üåü","The movie is enjoyable, but the songs are disappointing and don‚Äôt enhance the overall experience.","Based on the review indicating that the movie is good but the songs are not very appealing, here are three recommended actions:

1. **Enhance the Soundtrack**: Consider working with a different composer or lyricist to create more engaging and memorable songs. You could also explore collaborative efforts with popular artists to revamp the soundtrack and appeal to a broader audience.

2. **Collect Audience Feedback**: Conduct surveys or focus groups to gather specific feedback about the songs. Understanding which aspects of the music were not well-received can help identify what improvements are needed for future projects.

3. **Market the"
